{"graph_0": {"_type": "graph-file", "path": "media/graph/graph_0_summary_ff00caf1.graph.json", "sha256": "ff00caf167629e9a352d9c0ba34bc97c8d21122261be0d3a2c109257942ddd30", "size": 52077}, "train/loss": 3.4912, "train/learning_rate": 4.801886792452831e-06, "train/epoch": 0.19, "train/global_step": 50, "_runtime": 98, "_timestamp": 1619103346, "_step": 3, "eval/loss": 3.2843422889709473, "eval/accuracy": 0.4876441515650741, "eval/runtime": 13.2729, "eval/samples_per_second": 137.197}